"date","title","price","store","link"
"2026-03-22","ASUS ROG Strix SCAR 18 G835LX-XS98 18"" Gaming Laptop Computer - Off Black Intel Core Ultra 9 275HX 2.7GHz Processor; NVIDIA GeForce RTX 5090 24GB GDDR7; 64GB DDR5-5600 RAM; 2TB Solid State Drive","$5,499.99 ","Newegg","https://www.newegg.com/asus-18-0-geforce-rtx-5090-laptop-gpu-2-5k-anti-glare-64gb-memory-2-tb-ssd/p/2WC-000N-0G5Z0"
"2026-03-22","[2025] HIDevolution ASUS ROG Strix SCAR 18 G835LR 18"" WQXGA 240Hz Mini LED, 2.1 GHz Ultra 9-275HX, RTX 5070TI, 32 GB DDR5 RAM, 1 TB PCIe SSD, Windows 11 Pro","$2,799.00 ","Newegg","https://www.newegg.com/asus-rog-strix-scar-18-18-0-geforce-rtx-5070-ti-laptop-gpu-intel-core-ultra-9-275hx-wqxga-32gb-memory-1-tb-ssd/p/2WC-000N-0FZN4"
"2026-03-22","ASUS ROG Strix Scar 18 Gaming Laptop, 18"" 2.5K 240Hz, Intel Ultra 9 275HX 2.70GHz Processor, RTX 5070 Ti 12GB GDDR7, 32GB DDR5 512GB PCIe SSD, Per Key RGB KB, Windows 11, Office 2024 License","$3,479.00 ","Newegg","https://www.newegg.com/asus-raider-18-0-geforce-rtx-5070-ti-laptop-gpu-2-70ghz-qhd-32gb-memory-512gb-pcie-ssd-ssd/p/2WC-000N-0GPD7"
"2026-03-22","ASUS ROG Strix Scar 18 Gaming Laptop, 18"" 2.5K 240Hz, Intel Ultra 9 275HX 2.70GHz Processor, RTX 5070 Ti 12GB GDDR7, 16GB DDR5 512GB PCIe SSD, Per Key RGB KB, Windows 11, Office 2021 License","$3,279.00 ","Newegg","https://www.newegg.com/asus-raider-18-0-geforce-rtx-5070-ti-laptop-gpu-2-70ghz-qhd-16gb-memory-512gb-pcie-ssd-ssd/p/2WC-000N-0GPC8"
"2026-03-22","ASUS ROG Strix Scar 18 Gaming Laptop, 18"" 2.5K 240Hz, Intel Ultra 9 275HX 2.70GHz Processor, RTX 5070 Ti 12GB GDDR7, 16GB DDR5 512GB PCIe SSD, Per Key RGB KB, Windows 11, Office 2024 License","$3,279.00 ","Newegg","https://www.newegg.com/asus-raider-18-0-geforce-rtx-5070-ti-laptop-gpu-2-70ghz-qhd-16gb-memory-512gb-pcie-ssd-ssd/p/2WC-000N-0GPC3"
"2026-03-22","ASUS ROG Strix Scar 18 Gaming Laptop, 18"" 2.5K 240Hz, Intel Ultra 9 275HX 2.70GHz Processor, RTX 5070 Ti 12GB GDDR7, 16GB DDR5 1TB PCIe SSD, Per Key RGB KB, Windows 11, Office 2024 License","$3,449.00 ","Newegg","https://www.newegg.com/asus-raider-18-0-geforce-rtx-5070-ti-laptop-gpu-2-70ghz-qhd-16gb-memory-1tb-pcie-ssd-ssd/p/2WC-000N-0GPC9"
"2026-03-22","ASUS ROG Strix Scar 18 Gaming Laptop, 18"" 2.5K 240Hz, Intel Ultra 9 275HX 2.70GHz Processor, RTX 5070 Ti 12GB GDDR7, 32GB DDR5 512GB PCIe SSD, Per Key RGB KB, Windows 11, Office 2021 License","$3,479.00 ","Newegg","https://www.newegg.com/asus-raider-18-0-geforce-rtx-5070-ti-laptop-gpu-2-70ghz-qhd-32gb-memory-512gb-pcie-ssd-ssd/p/2WC-000N-0GPE0"
"2026-03-22","ASUS ROG Strix Scar 18 Gaming Laptop, 18"" 2.5K 240Hz, Intel Ultra 9 275HX 2.70GHz Processor, RTX 5070 Ti 12GB GDDR7, 32GB DDR5 2TB PCIe SSD, Per Key RGB KB, Windows 11 Pro, Office 2024 License","$3,819.00 ","Newegg","https://www.newegg.com/asus-raider-18-0-geforce-rtx-5070-ti-laptop-gpu-2-70ghz-qhd-32gb-memory-2tb-pcie-ssd-ssd/p/2WC-000N-0GPD5"
"2026-03-22","ASUS ROG Strix Scar 18 Gaming Laptop, 18"" 2.5K 240Hz, Intel Ultra 9 275HX 2.70GHz Processor, RTX 5070 Ti 12GB GDDR7, 32GB DDR5 1TB PCIe SSD, Per Key RGB KB, Windows 11 Pro, Office 2024 License","$3,659.00 ","Newegg","https://www.newegg.com/asus-raider-18-0-geforce-rtx-5070-ti-laptop-gpu-2-70ghz-qhd-32gb-memory-1tb-pcie-ssd-ssd/p/2WC-000N-0GPD1"
"2026-03-22","ASUS ROG Strix Scar 18 Gaming Laptop, 18"" 2.5K 240Hz, Intel Ultra 9 275HX 2.70GHz Processor, RTX 5070 Ti 12GB GDDR7, 16GB DDR5 2TB PCIe SSD, Per Key RGB KB, Windows 11, Office 2024 License","$3,609.00 ","Newegg","https://www.newegg.com/asus-raider-18-0-geforce-rtx-5070-ti-laptop-gpu-2-70ghz-qhd-16gb-memory-2tb-pcie-ssd-ssd/p/2WC-000N-0GPD3"
"2026-03-22","ASUS ROG Strix Scar 18 Gaming Laptop, 18"" 2.5K 240Hz, Intel Ultra 9 275HX 2.70GHz Processor, RTX 5070 Ti 12GB GDDR7, 32GB DDR5 1TB PCIe SSD, Per Key RGB KB, Windows 11, Office 2021 License","$3,649.00 ","Newegg","https://www.newegg.com/asus-raider-18-0-geforce-rtx-5070-ti-laptop-gpu-2-70ghz-qhd-32gb-memory-1tb-pcie-ssd-ssd/p/2WC-000N-0GPE4"
"2026-03-22","ASUS ROG Strix Scar 18 Gaming Laptop, 18"" 2.5K 240Hz, Intel Ultra 9 275HX 2.70GHz Processor, RTX 5070 Ti 12GB GDDR7, 16GB DDR5 2TB PCIe SSD, Per Key RGB KB, Windows 11, Office 2021 License","$3,609.00 ","Newegg","https://www.newegg.com/asus-raider-18-0-geforce-rtx-5070-ti-laptop-gpu-2-70ghz-qhd-16gb-memory-2tb-pcie-ssd-ssd/p/2WC-000N-0GPD6"
"2026-03-22","ASUS ROG Strix Scar 18 Gaming Laptop, 18"" 2.5K 240Hz, Intel Ultra 9 275HX 2.70GHz Processor, RTX 5070 Ti 12GB GDDR7, 32GB DDR5 1TB PCIe SSD, Per Key RGB KB, Windows 11, Office 2024 License","$3,649.00 ","Newegg","https://www.newegg.com/asus-raider-18-0-geforce-rtx-5070-ti-laptop-gpu-2-70ghz-qhd-32gb-memory-1tb-pcie-ssd-ssd/p/2WC-000N-0GPE1"
"2026-03-22","ASUS ROG Strix Scar 18 Gaming Laptop, 18"" 2.5K 240Hz, Intel Ultra 9 275HX 2.70GHz Processor, RTX 5070 Ti 12GB GDDR7, 32GB DDR5 2TB PCIe SSD, Per Key RGB KB, Windows 11 Pro, Office 2021 License","$3,819.00 ","Newegg","https://www.newegg.com/asus-raider-18-0-geforce-rtx-5070-ti-laptop-gpu-2-70ghz-qhd-32gb-memory-2tb-pcie-ssd-ssd/p/2WC-000N-0GPE3"
"2026-03-22","ASUS ROG Strix Scar 18 Gaming Laptop, 18"" 2.5K 240Hz, Intel Ultra 9 275HX 2.70GHz Processor, RTX 5070 Ti 12GB GDDR7, 32GB DDR5 1TB PCIe SSD, Per Key RGB KB, Windows 11 Pro, Office 2021 License","$3,659.00 ","Newegg","https://www.newegg.com/asus-raider-18-0-geforce-rtx-5070-ti-laptop-gpu-2-70ghz-qhd-32gb-memory-1tb-pcie-ssd-ssd/p/2WC-000N-0GPD8"
"2026-03-22","ASUS ROG Strix Scar 18 Gaming Laptop, 18"" 2.5K 240Hz, Intel Ultra 9 275HX 2.70GHz Processor, RTX 5070 Ti 12GB GDDR7, 32GB DDR5 2TB PCIe SSD, Per Key RGB KB, Windows 11, Office 2021 License","$3,809.00 ","Newegg","https://www.newegg.com/asus-raider-18-0-geforce-rtx-5070-ti-laptop-gpu-2-70ghz-qhd-32gb-memory-2tb-pcie-ssd-ssd/p/2WC-000N-0GPE8"
"2026-03-22","ASUS ROG Strix Scar 18 Gaming Laptop, 18"" 2.5K 240Hz, Intel Ultra 9 275HX 2.70GHz Processor, RTX 5070 Ti 12GB GDDR7, 32GB DDR5 2TB PCIe SSD, Per Key RGB KB, Windows 11, Office 2024 License","$3,809.00 ","Newegg","https://www.newegg.com/asus-raider-18-0-geforce-rtx-5070-ti-laptop-gpu-2-70ghz-qhd-32gb-memory-2tb-pcie-ssd-ssd/p/2WC-000N-0GPE5"
"2026-03-22","ASUS ROG Strix Scar 18 Gaming Laptop, 18"" 2.5K 240Hz, Intel Ultra 9 275HX 2.70GHz Processor, RTX 5070 Ti 12GB GDDR7, 64GB DDR5 1TB PCIe SSD, Per Key RGB KB, Windows 11, Office 2024 License","$4,009.00 ","Newegg","https://www.newegg.com/asus-raider-18-0-geforce-rtx-5070-ti-laptop-gpu-2-70ghz-qhd-64gb-memory-1tb-pcie-ssd-ssd/p/2WC-000N-0GPE9"
"2026-03-22","ASUS ROG Strix Scar 18 Gaming Laptop, 18"" 2.5K 240Hz, Intel Ultra 9 275HX 2.70GHz Processor, RTX 5070 Ti 12GB GDDR7, 64GB DDR5 1TB PCIe SSD, Per Key RGB KB, Windows 11 Pro, Office 2021 License","$4,019.00 ","Newegg","https://www.newegg.com/asus-raider-18-0-geforce-rtx-5070-ti-laptop-gpu-2-70ghz-qhd-64gb-memory-1tb-pcie-ssd-ssd/p/2WC-000N-0GPF1"
"2026-03-22","ASUS ROG Strix Scar 18 Gaming Laptop, 18"" 2.5K 240Hz, Intel Ultra 9 275HX 2.70GHz Processor, RTX 5070 Ti 12GB GDDR7, 32GB DDR5 4TB PCIe SSD, Per Key RGB KB, Windows 11 Pro, Office 2021 License","$4,029.00 ","Newegg","https://www.newegg.com/asus-raider-18-0-geforce-rtx-5070-ti-laptop-gpu-2-70ghz-qhd-32gb-memory-4tb-pcie-ssd-ssd/p/2WC-000N-0GPE7"
"2026-03-22","ASUS ROG Strix Scar 18 Gaming Laptop, 18"" 2.5K 240Hz, Intel Ultra 9 275HX 2.70GHz Processor, RTX 5070 Ti 12GB GDDR7, 64GB DDR5 4TB PCIe SSD, Per Key RGB KB, Windows 11 Pro, Office 2024 License","$4,379.00 ","Newegg","https://www.newegg.com/asus-raider-18-0-geforce-rtx-5070-ti-laptop-gpu-2-70ghz-qhd-64gb-memory-4tb-pcie-ssd-ssd/p/2WC-000N-0GPC5"
"2026-03-22","ASUS ROG Strix Scar 18 Gaming Laptop, 18"" 2.5K 240Hz, Intel Ultra 9 275HX 2.70GHz Processor, RTX 5070 Ti 12GB GDDR7, 64GB DDR5 1TB PCIe SSD, Per Key RGB KB, Windows 11, Office 2021 License","$4,009.00 ","Newegg","https://www.newegg.com/asus-raider-18-0-geforce-rtx-5070-ti-laptop-gpu-2-70ghz-qhd-64gb-memory-1tb-pcie-ssd-ssd/p/2WC-000N-0GPC6"
"2026-03-22","ASUS ROG Strix Scar 18 Gaming Laptop, 18"" 2.5K 240Hz, Intel Ultra 9 275HX 2.70GHz Processor, RTX 5070 Ti 12GB GDDR7, 64GB DDR5 4TB PCIe SSD, Per Key RGB KB, Windows 11, Office 2021 License","$4,369.00 ","Newegg","https://www.newegg.com/asus-raider-18-0-geforce-rtx-5070-ti-laptop-gpu-2-70ghz-qhd-64gb-memory-4tb-pcie-ssd-ssd/p/2WC-000N-0GPD4"
"2026-03-22","ASUS ROG Strix Scar 18 Gaming Laptop, 18"" 2.5K 240Hz, Intel Ultra 9 275HX 2.70GHz Processor, RTX 5070 Ti 12GB GDDR7, 32GB DDR5 4TB PCIe SSD, Per Key RGB KB, Windows 11 Pro, Office 2024 License","$4,029.00 ","Newegg","https://www.newegg.com/asus-raider-18-0-geforce-rtx-5070-ti-laptop-gpu-2-70ghz-qhd-32gb-memory-4tb-pcie-ssd-ssd/p/2WC-000N-0GPD9"
"2026-03-22","ASUS ROG Strix Scar 18 Gaming Laptop, 18"" 2.5K 240Hz, Intel Ultra 9 275HX 2.70GHz Processor, RTX 5070 Ti 12GB GDDR7, 64GB DDR5 1TB PCIe SSD, Per Key RGB KB, Windows 11 Pro, Office 2024 License","$4,019.00 ","Newegg","https://www.newegg.com/asus-raider-18-0-geforce-rtx-5070-ti-laptop-gpu-2-70ghz-qhd-64gb-memory-1tb-pcie-ssd-ssd/p/2WC-000N-0GPE2"
"2026-03-22","ASUS ROG Strix Scar 18 Gaming Laptop, 18"" 2.5K 240Hz, Intel Ultra 9 275HX 2.70GHz Processor, RTX 5070 Ti 12GB GDDR7, 64GB DDR5 2TB PCIe SSD, Per Key RGB KB, Windows 11, Office 2024 License","$4,159.00 ","Newegg","https://www.newegg.com/asus-raider-18-0-geforce-rtx-5070-ti-laptop-gpu-2-70ghz-qhd-64gb-memory-2tb-pcie-ssd-ssd/p/2WC-000N-0GPC4"
"2026-03-22","ASUS ROG Strix Scar 18 Gaming Laptop, 18"" 2.5K 240Hz, Intel Ultra 9 275HX 2.70GHz Processor, RTX 5070 Ti 12GB GDDR7, 64GB DDR5 2TB PCIe SSD, Per Key RGB KB, Windows 11, Office 2021 License","$4,159.00 ","Newegg","https://www.newegg.com/asus-raider-18-0-geforce-rtx-5070-ti-laptop-gpu-2-70ghz-qhd-64gb-memory-2tb-pcie-ssd-ssd/p/2WC-000N-0GPD0"
"2026-03-22","ASUS ROG Strix Scar 18 Gaming Laptop, 18"" 2.5K 240Hz, Intel Ultra 9 275HX 2.70GHz Processor, RTX 5070 Ti 12GB GDDR7, 64GB DDR5 2TB PCIe SSD, Per Key RGB KB, Windows 11 Pro, Office 2021 License","$4,169.00 ","Newegg","https://www.newegg.com/asus-raider-18-0-geforce-rtx-5070-ti-laptop-gpu-2-70ghz-qhd-64gb-memory-2tb-pcie-ssd-ssd/p/2WC-000N-0GPF0"
"2026-03-22","ASUS ROG Strix Scar 18 Gaming Laptop, 18"" 2.5K 240Hz, Intel Ultra 9 275HX 2.70GHz Processor, RTX 5070 Ti 12GB GDDR7, 64GB DDR5 2TB PCIe SSD, Per Key RGB KB, Windows 11 Pro, Office 2024 License","$4,169.00 ","Newegg","https://www.newegg.com/asus-raider-18-0-geforce-rtx-5070-ti-laptop-gpu-2-70ghz-qhd-64gb-memory-2tb-pcie-ssd-ssd/p/2WC-000N-0GPE6"
"2026-03-22","ASUS ROG Strix Scar 18 Gaming Laptop, 18"" 2.5K 240Hz, Intel Ultra 9 275HX 2.70GHz Processor, RTX 5070 Ti 12GB GDDR7, 64GB DDR5 4TB PCIe SSD, Per Key RGB KB, Windows 11, Office 2024 License","$4,369.00 ","Newegg","https://www.newegg.com/asus-raider-18-0-geforce-rtx-5070-ti-laptop-gpu-2-70ghz-qhd-64gb-memory-4tb-pcie-ssd-ssd/p/2WC-000N-0GPC7"
"2026-03-22","ASUS ROG Strix Scar 18 Gaming Laptop, 18"" 2.5K 240Hz, Intel Ultra 9 275HX 2.70GHz Processor, RTX 5070 Ti 12GB GDDR7, 64GB DDR5 4TB PCIe SSD, Per Key RGB KB, Windows 11 Pro, Office 2021 License","$4,379.00 ","Newegg","https://www.newegg.com/asus-raider-18-0-geforce-rtx-5070-ti-laptop-gpu-2-70ghz-qhd-64gb-memory-4tb-pcie-ssd-ssd/p/2WC-000N-0GPF2"
"2026-03-22","[2025] HIDevolution ASUS ROG Strix G18 G814PM 18"" WQXGA 240Hz IPS-Level, 2.4 GHz Ryzen 9 8940HX, RTX 5060, 32 GB DDR5 RAM, 1 TB PCIe SSD, Windows 11 Home","$2,049.00 ","Newegg","https://www.newegg.com/asus-rog-strix-g18-18-0-geforce-rtx-5060-laptop-gpu-amd-ryzen-9-8940hx-wqxga-32gb-memory-1-tb-ssd/p/2WC-000N-0G7B0"
"2026-03-22","ASUS ROG Strix G18 - 18"" WQXGA 240 Hz - Intel Core Ultra 9 275HX - GeForce RTX 5070 Laptop GPU - 32GB Memory DDR5 5600 - 2TB PCIe 4.0 NVMe M.2 SSD - Windows 11 Pro (90NR0LK1-M000D0 )","$2,299.00 ","Newegg","https://www.newegg.com/asus-rog-strix-g18-18-geforce-rtx-5070-laptop-gpu-intel-core-ultra-9-275hx-wqxga-32gb-memory-2tb-pcie-4-0-nvme-m-2-ssd/p/N82E16834236596"
"2026-03-22","ASUS ROG Strix G18 (2025) Gaming Laptop, 18” ROG FHD+ 16:10 144Hz, NVIDIA GeForce RTX™ 5050, AMD Ryzen 9 8940HX, 16GB DDR5-5200Mhz, 1TB PCIe Gen 4 SSD, Wi-Fi 6E, Windows 11 Home (G814PH-ES94 )","$1,399.00 ","Newegg","https://www.newegg.com/asus-rog-strix-g18-18-0-geforce-rtx-5050-laptop-gpu-amd-ryzen-9-8940hx-wuxga-16gb-memory-1tb-pcie-gen-4-ssd-ssd/p/N82E16834236648"
"2026-03-22","ASUS ROG Strix G18 - 18"" WQXGA 240 Hz - AMD Ryzen 9 8940HX - GeForce RTX 5060 Laptop GPU - 32GB Memory DDR5 5200 - 1TB PCIe SSD - Windows 11 Home (90NR0L28-M000A0 )","$1,849.99 ","Newegg","https://www.newegg.com/asus-rog-strix-g18-18-geforce-rtx-5060-laptop-gpu-amd-ryzen-9-8940hx-wqxga-32gb-memory-1-tb-pcie-ssd/p/N82E16834236639"
"2026-03-22","ASUS ROG Strix G18 (2025) - 18"" FHD 144 Hz - AMD Ryzen 9 9955HX - GeForce RTX 5060 Laptop GPU - 16GB Memory DDR5 5600 - 2TB PCIe SSD - Windows 11 Home (G814FM-DS95 )","$2,049.00 ","Newegg","https://www.newegg.com/asus-rog-strix-g18-18-geforce-rtx-5060-laptop-gpu-amd-ryzen-9-9955hx-fhd-16gb-memory-2-tb-pcie-ssd/p/N82E16834236638"
"2026-03-22","ASUS ROG Strix G18 (2025) Gaming Laptop, 18 WQXDA 240Hz AMD Ryzen 9 9955HX, NVIDIA GeForce RTX 5070 8GB VRAM 32GB DDR5-5600 RAM 1TB PCIe Gen 4 SSD Eclipse Gray","$2,199.00 ","Newegg","https://www.newegg.com/asus-rog-18-0-geforce-rtx-5070-laptop-gpu-32gb-memory-1-tb-pcie-ssd/p/2WC-000N-0GG79"
"2026-03-22","Asus ROG Strix G18 G815 Gaming AI PC Laptop 18"" 2.5k (2560x1600) 240Hz (100% DCI-P3, 3ms) Intel 24-core Ultra 9 275HX 64GB DDR5 4TB SSD GeForce RTX 5060 RGB Backlit Wi-Fi7 Win11 Copilot AI","$3,011.85 ","Newegg","https://www.newegg.com/asus-18-0-2-70ghz-geforce-rtx-5060-laptop-gpu-64gb-memory-4-tb-ssd-black/p/1TS-001A-0BGJ1"
"2026-03-22","ASUS ROG Strix G18 - 18.0"" GeForce RTX 5070 Laptop GPU - AMD Ryzen 9 8940HX - 16GB Memory - 1 TB PCIe SSD - Windows 11 Home Gaming Laptop - 240 Hz (G814PP-DS94)","$1,799.00 ","Newegg","https://www.newegg.com/asus-rog-strix-g18-18-0-geforce-rtx-5070-laptop-gpu-amd-ryzen-9-8940hx-wqxga-16gb-memory-1-tb-pcie-ssd/p/N82E16834236626"
"2026-03-22","ASUS ROG Strix G18 18"" WUXGA 144Hz Gaming Laptop, Intel i9-14900HX, 16GB DDR5, 2TB Storage(1TB SSD+1TB Docking Station), GeForce RTX 5070, RGB Backlit Keyboard, Numer Pad, Win 11 Pro, Gray","$2,299.00 ","Newegg","https://www.newegg.com/asus-rog-strix-g18-18-0-geforce-rtx-5070-laptop-gpu-intel-core-i9-14900hx-wuxga-16gb-ddr5-memory-1tb-ssd/p/2WC-000N-0GR34"
"2026-03-22","ASUS ROG Strix G18 18"" WUXGA 144Hz Gaming Laptop, Intel i9-14900HX, 16GB DDR5, 2TB Storage(1TB SSD+1TB Docking Station), GeForce RTX 5070, RGB Backlit Keyboard, Numer Pad, Win 11, Gray","$2,299.00 ","Newegg","https://www.newegg.com/asus-rog-strix-g18-18-0-geforce-rtx-5070-laptop-gpu-intel-core-i9-14900hx-wuxga-16gb-ddr5-memory-1tb-ssd/p/2WC-000N-0GR29"
"2026-03-22","ASUS ROG Strix G18 18"" WQXGA 240Hz Gaming Laptop, Intel Ultra 9 275HX, NVIDIA RTX 5070 8GB GDDR7, 16GB DDR5, 2TB Storage(1TB SSD+1TB Docking Station Set), RGB Backlit Keyboard, Win 11, Gray","$2,449.00 ","Newegg","https://www.newegg.com/asus-rog-strix-18-0-geforce-rtx-5070-laptop-gpu-wqxga-16gb-memory/p/2WC-000N-0GNW0"
"2026-03-22","ASUS ROG Strix G18 18"" WQXGA 240Hz Gaming Laptop, Intel Ultra 9 275HX, NVIDIA RTX 5070 8GB GDDR7, 16GB DDR5, 2TB Storage(1TB SSD+1TB Docking Station Set), RGB Backlit Keyboard, Win 11 Pro, Gray","$2,449.00 ","Newegg","https://www.newegg.com/asus-rog-strix-18-0-geforce-rtx-5070-laptop-gpu-wqxga-16gb-memory/p/2WC-000N-0GNW1"
"2026-03-22","ASUS ROG Strix G18 18"" Gaming Laptop - Intel Core Ultra 9 Processor 275HX - GeForce RTX 5060, 2.5K 240Hz/3ms Nebula Display - 32GB RAM, 1TB SSD, Windows 11","$1,998.99 ","Newegg","https://www.newegg.com/asus-18/p/2WC-000N-0GC62"
"2026-03-22","ASUS ROG Strix G18 18"" Gaming Laptop - Intel Core Ultra 9 Processor 275HX - GeForce RTX 5070TI, 2.5K 240Hz/3ms Nebula Display - 32GB RAM, 2TB SSD - Windows 11 Home","$2,879.99 ","Newegg","https://www.newegg.com/asus-18-0-geforce-rtx-5070-ti-laptop-gpu-32gb-memory-2-tb-ssd/p/2WC-000N-0GFT8"
"2026-03-22","Asus ROG Strix G18 G815 Gaming AI Laptop 18"" 2560x1600 240Hz (100% DCI-P3) Intel 24-core Ultra 9 275HX 32GB DDR5 1TB SSD GeForce RTX 5070 (Up to 798 AI TOPS) RGB Backlit WiFi7 Win11 Copilot AI","$2,409.00 ","Newegg","https://www.newegg.com/asus-18-0-2-70ghz-geforce-rtx-5070-laptop-gpu-32gb-memory-1-tb-ssd-black/p/1TS-001A-0BKX7"
"2026-03-22","ASUS ROG Strix G18 Gaming Laptop, 18"" 2.5K 240Hz, Intel Core Ultra 9-275HX 24 cores Processor, NVIDIA GeForce RTX 5070 8GB GDDR7, 16GB DDR5 512GB PCIe SSD, Wi-Fi 7, Windows 11 ,Office 2024 License","$2,879.00 ","Newegg","https://www.newegg.com/asus-raider-18-0-geforce-rtx-5070-laptop-gpu-2-70ghz-qhd-16gb-memory-512gb-pcie-ssd-ssd/p/2WC-000N-0GHA0"
"2026-03-22","ASUS ROG Strix G18 Gaming Laptop, 18"" 2.5K 240Hz, Intel Core Ultra 9-275HX 24 cores Processor, NVIDIA GeForce RTX 5070 8GB GDDR7, 16GB DDR5 1TB PCIe SSD, Wi-Fi 7, Windows 11 ,Office 2024 License","$3,019.00 ","Newegg","https://www.newegg.com/asus-raider-18-0-geforce-rtx-5070-laptop-gpu-2-70ghz-qhd-16gb-memory-1tb-pcie-ssd-ssd/p/2WC-000N-0GHA4"
"2026-03-22","ASUS ROG Strix G18 Gaming Laptop, 18"" 2.5K 240Hz, Intel Core Ultra 9-275HX 24 cores Processor, NVIDIA GeForce RTX 5070 8GB GDDR7, 16GB DDR5 1TB PCIe SSD, Wi-Fi 7, Windows 11 ,Office 2024 License","$3,019.00 ","Newegg","https://www.newegg.com/asus-raider-18-0-geforce-rtx-5070-laptop-gpu-2-70ghz-qhd-16gb-memory-1tb-pcie-ssd-ssd/p/2WC-000N-0GHB1"
"2026-03-22","ASUS ROG Strix G18 Gaming Laptop, 18"" 2.5K 240Hz, Intel Core Ultra 9-275HX 24 cores Processor, NVIDIA GeForce RTX 5070 8GB GDDR7, 32GB DDR5 512GB PCIe SSD, Wi-Fi 7, Windows 11 ,Office 2024 License","$3,119.00 ","Newegg","https://www.newegg.com/asus-raider-18-0-geforce-rtx-5070-laptop-gpu-2-70ghz-qhd-32gb-memory-512gb-pcie-ssd-ssd/p/2WC-000N-0GH99"
"2026-03-22","ASUS ROG Strix G18 Gaming Laptop, 18"" 2.5K 240Hz, Intel Core Ultra 9-275HX 24 cores Processor, NVIDIA GeForce RTX 5070 8GB GDDR7, 16GB DDR5 512GB PCIe SSD, Wi-Fi 7, Windows 11 ,Office 2024 License","$3,089.00 ","Newegg","https://www.newegg.com/asus-raider-18-0-geforce-rtx-5070-laptop-gpu-2-70ghz-qhd-16gb-memory-512gb-pcie-ssd-ssd/p/2WC-000N-0GH92"
"2026-03-22","ASUS ROG Strix G18 Gaming Laptop, 18"" 2.5K 240Hz, Intel Core Ultra 9-275HX 24 cores Processor, NVIDIA GeForce RTX 5070 8GB GDDR7, 16GB DDR5 2TB PCIe SSD, Wi-Fi 7, Windows 11 ,Office 2024 License","$3,119.00 ","Newegg","https://www.newegg.com/asus-raider-18-0-geforce-rtx-5070-laptop-gpu-2-70ghz-qhd-16gb-memory-2tb-pcie-ssd-ssd/p/2WC-000N-0GH95"
"2026-03-22","ASUS ROG Strix G18 Gaming Laptop, 18"" 2.5K 240Hz, Intel Core Ultra 9-275HX 24 cores Processor, NVIDIA GeForce RTX 5070 8GB GDDR7, 32GB DDR5 4TB PCIe SSD, Wi-Fi 7, Windows 11 Pro ,Office 2024 License","$3,559.00 ","Newegg","https://www.newegg.com/asus-raider-18-0-geforce-rtx-5070-laptop-gpu-2-70ghz-qhd-32gb-memory-4tb-pcie-ssd-ssd/p/2WC-000N-0GH97"
"2026-03-22","ASUS ROG Strix G18 Gaming Laptop, 18"" 2.5K 240Hz, Intel Core Ultra 9-275HX 24 cores Processor, NVIDIA GeForce RTX 5070 8GB GDDR7, 16GB DDR5 2TB PCIe SSD, Wi-Fi 7, Windows 11 ,Office 2024 License","$3,119.00 ","Newegg","https://www.newegg.com/asus-raider-18-0-geforce-rtx-5070-laptop-gpu-2-70ghz-qhd-16gb-memory-2tb-pcie-ssd-ssd/p/2WC-000N-0GHB5"
"2026-03-22","ASUS ROG Strix G18 Gaming Laptop, 18"" 2.5K 240Hz, Intel Core Ultra 9-275HX 24 cores Processor, NVIDIA GeForce RTX 5070 8GB GDDR7, 32GB DDR5 1TB PCIe SSD, Wi-Fi 7, Windows 11 ,Office 2024 License","$3,209.00 ","Newegg","https://www.newegg.com/asus-raider-18-0-geforce-rtx-5070-laptop-gpu-2-70ghz-qhd-32gb-memory-1tb-pcie-ssd-ssd/p/2WC-000N-0GHB6"
"2026-03-22","Asus ROG Strix G18 G814 Gaming Laptop 18"" 2.5k (2560x1600) 240Hz (100% DCI-P3, 3ms) AMD 16-core Ryzen 9 9955HX 32GB DDR5 1TB SSD GeForce RTX 5070 RGB Backlit WiFi6E Win11","$3,011.85 ","Newegg","https://www.newegg.com/asus-18-0-no-geforce-rtx-5070-laptop-gpu-32gb-memory-1-tb-ssd-black/p/1TS-001A-0BDX9"
"2026-03-22","ASUS ROG Strix G18 Gaming Laptop, 18"" 2.5K 240Hz, Intel Core Ultra 9-275HX 24 cores Processor, NVIDIA GeForce RTX 5070 8GB GDDR7, 32GB DDR5 2TB PCIe SSD, Wi-Fi 7, Windows 11 ,Office 2024 License","$3,309.00 ","Newegg","https://www.newegg.com/asus-raider-18-0-geforce-rtx-5070-laptop-gpu-2-70ghz-qhd-32gb-memory-2tb-pcie-ssd-ssd/p/2WC-000N-0GHA9"
"2026-03-22","ASUS ROG Strix G18 Gaming Laptop, 18"" FHD+ 144Hz, AMD Ryzen 9 8940HX 16 Cores Processor, NVIDIA GeForce RTX 5050 8GB GDDR7, 16GB DDR5 1TB PCIe SSD, Wi-Fi 6E, Windows 11 ,Office 2024 License","$2,219.00 ","Newegg","https://www.newegg.com/asus-raider-18-0-geforce-rtx-5050-laptop-gpu-2-40ghz-fhd-16gb-memory-1tb-pcie-ssd-ssd/p/2WC-000N-0GJZ8"
"2026-03-22","ASUS ROG Strix G18 Gaming Laptop, 18"" 2.5K 240Hz, Intel Core Ultra 9-275HX 24 cores Processor, NVIDIA GeForce RTX 5070 8GB GDDR7, 32GB DDR5 1TB PCIe SSD, Wi-Fi 7, Windows 11 Pro ,Office 2024 License","$3,329.00 ","Newegg","https://www.newegg.com/asus-raider-18-0-geforce-rtx-5070-laptop-gpu-2-70ghz-qhd-32gb-memory-1tb-pcie-ssd-ssd/p/2WC-000N-0GHA6"
"2026-03-22","ASUS ROG Strix G18 Gaming Laptop, 18"" 2.5K 240Hz, Intel Core Ultra 9-275HX 24 cores Processor, NVIDIA GeForce RTX 5070 8GB GDDR7, 32GB DDR5 2TB PCIe SSD, Wi-Fi 7, Windows 11 Pro ,Office 2024 License","$3,319.00 ","Newegg","https://www.newegg.com/asus-raider-18-0-geforce-rtx-5070-laptop-gpu-2-70ghz-qhd-32gb-memory-2tb-pcie-ssd-ssd/p/2WC-000N-0GH93"
"2026-03-22","ASUS ROG Strix G18 Gaming Laptop, 18"" 2.5K 240Hz, Intel Core Ultra 9-275HX 24 cores Processor, NVIDIA GeForce RTX 5070 8GB GDDR7, 32GB DDR5 2TB PCIe SSD, Wi-Fi 7, Windows 11 ,Office 2024 License","$3,309.00 ","Newegg","https://www.newegg.com/asus-raider-18-0-geforce-rtx-5070-laptop-gpu-2-70ghz-qhd-32gb-memory-2tb-pcie-ssd-ssd/p/2WC-000N-0GHA7"
"2026-03-22","ASUS ROG Strix G18 Gaming Laptop, 18"" 2.5K 240Hz, Intel Core Ultra 9-275HX 24 cores Processor, NVIDIA GeForce RTX 5070 8GB GDDR7, 32GB DDR5 2TB PCIe SSD, Wi-Fi 7, Windows 11 Pro ,Office 2024 License","$3,319.00 ","Newegg","https://www.newegg.com/asus-raider-18-0-geforce-rtx-5070-laptop-gpu-2-70ghz-qhd-32gb-memory-2tb-pcie-ssd-ssd/p/2WC-000N-0GHB9"
"2026-03-22","ASUS ROG Strix G18 Gaming Laptop, 18"" FHD+ 144Hz, AMD Ryzen 9 8940HX 16 Cores Processor, NVIDIA GeForce RTX 5050 8GB GDDR7, 32GB DDR5 512GB PCIe SSD, Wi-Fi 6E, Windows 11 ,Office 2024 License","$2,389.00 ","Newegg","https://www.newegg.com/asus-raider-18-0-geforce-rtx-5050-laptop-gpu-2-40ghz-fhd-32gb-memory-512gb-pcie-ssd-ssd/p/2WC-000N-0GJZ7"
"2026-03-22","ASUS ROG Strix G18 18"" Gaming Laptop - Intel Core i9-14900HX Processor - GeForce RTX 5070 - WUXGA (1900x1200) 144Hz Display - 32GB RAM - 1TB SSD - Windows 11","$2,199.00 ","Newegg","https://www.newegg.com/asus-rog-18-0-geforce-rtx-5070-laptop-gpu-wuxga-32gb-ddr4-memory-1tb-ssd/p/2WC-000N-0GNB1"
"2026-03-22","ASUS ROG Strix G18 Gaming Laptop, 18"" FHD+ 144Hz, AMD Ryzen 9 8940HX 16 Cores Processor, NVIDIA GeForce RTX 5050 8GB GDDR7, 16GB DDR5 2TB PCIe SSD, Wi-Fi 6E, Windows 11 ,Office 2024 License","$2,369.00 ","Newegg","https://www.newegg.com/asus-raider-18-0-geforce-rtx-5050-laptop-gpu-2-40ghz-fhd-16gb-memory-2tb-pcie-ssd-ssd/p/2WC-000N-0GK02"
"2026-03-22","ASUS ROG Strix G18 Gaming Laptop, 18"" FHD+ 144Hz, AMD Ryzen 9 8940HX 16 Cores Processor, NVIDIA GeForce RTX 5050 8GB GDDR7, 32GB DDR5 1TB PCIe SSD, Wi-Fi 6E, Windows 11 ,Office 2024 License","$2,519.00 ","Newegg","https://www.newegg.com/asus-raider-18-0-geforce-rtx-5050-laptop-gpu-2-40ghz-fhd-32gb-memory-1tb-pcie-ssd-ssd/p/2WC-000N-0GK01"
"2026-03-22","REFURBISHED Apple 2021 MacBook Pro with Apple M1 Max Chip, 16"", 32GB, 1TB, Space Gray","$1,399.99 ","Newegg","https://www.newegg.com/apple-lt-apmacpro16-m1-32-1ssd-16-0-no-32gb-memory-1-tb-ssd-black/p/2SN-0001-03C97"
"2026-03-22","REFURBISHED Apple A Grade Macbook Pro 16-inch (Retina XDR, 16-GPU, Space Gray, 1yr Warranty) 3.2Ghz 10-Core M1 Pro (2021) MK183LL/A 512GB Flash 16GB Memory 3456x2234 Display Mac OS Power Adapter","$758.97 ","Newegg","https://www.newegg.com/apple-macbook-pro-16-0-retina-display-non-touch-screen-3-20ghz-16gb-memory-512-gb-ssd-space-gray/p/2SN-0001-03191"
"2026-03-22","REFURBISHED Late 2021 Apple MacBook Pro with Apple M1 Pro chip (16in, 32GB, 1TB) Silver","$1,099.99 ","Newegg","https://www.newegg.com/apple-lt-apmacpro16-m1-32-1ssd-s1-16-0-no-32gb-memory-1-tb-ssd-silver/p/2SN-0001-03RZ3"
"2026-03-22","REFURBISHED 2022 Apple MacBook Pro 13.3"" Laptop (Apple M2 8-Core, 8GB RAM, 256GB SSD, 10-Core GPU) Space Gray","$642.97 ","Newegg","https://www.newegg.com/apple-macbook-pro-13-3-non-touch-screen-8gb-memory-256-gb-ssd-space-gray/p/2SN-0001-02KZ7"
"2026-03-22","REFURBISHED 2020 Apple MacBook Pro 13.3"" True Tone (Touch Bar, 10th Gen Intel Core i5 2.0GHz, 16GB RAM, 512GB SSD, Integrated Iris Plus) Space Gray - Grade B","$479.00 ","Newegg","https://www.newegg.com/apple-macbook-pro-13-3-non-touch-screen-2-00ghz-16gb-memory-512-gb-ssd-space-gray/p/2SN-0001-020R6"
"2026-03-22","REFURBISHED Apple MacBook Pro with 2.0GHz Intel i5 (13"", 16GB, 512GB SSD) Space Gray","$429.99 ","Newegg","https://www.newegg.com/apple-lt-apmacpro13-i5-g10-16-512-13-3-no-16gb-memory-512-gb-ssd-gray/p/2SN-0001-03BT3"
"2026-03-22","REFURBISHED 2019 Apple MacBook Pro with 2.3GHz Intel Core i9 (16-inch, 16GB RAM, 1TB Storage) Space Gray MVVM2LL/A","$623.99 ","Newegg","https://www.newegg.com/apple-lt-apmacpro16-i9-g9-16-1ssd-16-0-no-16gb-memory-1-tb-ssd-black/p/2SN-0001-03B44"
"2026-03-22","REFURBISHED Apple 16"" MacBook Pro, Late 2019 Intel Core i7 32GB 1TB macOS, Silver","$679.99 ","Newegg","https://www.newegg.com/apple-lt-apmacpro16-i7-g9-32-1ssd-s-16-no-32gb-memory-1-tb-ssd-silver/p/2SN-0001-03BD2"
"2026-03-22","REFURBISHED Apple MacBook Pro With Touch Bar Intel Core i5, 13"", 16GB, 256GB Space Gray","$314.97 ","Newegg","https://www.newegg.com/apple-mr9q2ll-a-r-13-3-non-touch-screen-16gb-memory-256-gb-ssd-black/p/2SN-0001-037A9"
"2026-03-22","REFURBISHED Mid 2019 Apple MacBook Pro w 2.4GHz Intel i5 (13.3"", 16GB 256GB) Sp. Gray","$369.99 ","Newegg","https://www.newegg.com/apple-mv962ll-a-r-13-3-non-touch-screen-16gb-memory-256-gb-ssd-black/p/2SN-0001-037A7"
"2026-03-22","REFURBISHED Apple A Grade Macbook Pro 16-inch (Retina DG, Space Gray, Touch Bar) 2.6Ghz 6-Core i7 (2019) MVVJ2LL/A 512GB SSD 16GB Memory 3072x1920 Display Mac OS Power Adapter Included","$398.97 ","Newegg","https://www.newegg.com/apple-macbook-pro-16-0-retina-display-non-touch-screen-2-60ghz-amd-radeon-rx-5300m-16gb-memory-512-gb-ssd-512gb-hdd-space-gray/p/2SN-0001-01WP4"
"2026-03-22","REFURBISHED Refurbished (Excellent) - Apple MacBook Pro (Fall 2023) MRX43LL 14.2"" Notebook Apple M3 Pro 18 GB RAM 1 TB SSD MacOS","$1,421.97 ","Newegg","https://www.newegg.com/apple-macbook-pro-14-2/p/2SN-0001-03BK4"
"2026-03-22","REFURBISHED Apple MacBook Pro (2023) 14-inch - Apple M3 Pro chip: 11-core CPU/14-Core GPU - 1TB - Space Black - 18GB RAM - 3 Thunderbolts 4 ports - Excellent (Grade A)","$1,427.97 ","Newegg","https://www.newegg.com/apple-14-space-black/p/2SN-0001-03RK8"
"2026-03-22","REFURBISHED Apple MacBook Pro MD101LL/A Intel Core i5-3210M X2 2.5GHz 4GB 500GB 13.3"", Silver (Scratch and Dent)","$124.97 ","Newegg","https://www.newegg.com/apple-13-3-non-touch-screen-intel-hd-graphics-4000-silver/p/N82E16834098764"
"2026-03-22","REFURBISHED Refurbished (Excellent) - Apple MacBook Pro MK183LL 16"" Notebook Apple M1 16 GB RAM 512 GB SSD MacOS","$758.97 ","Newegg","https://www.newegg.com/apple-macbook-pro-16-0/p/2SN-0001-03BF8"
"2026-03-22","REFURBISHED Apple MacBook Pro MD101LL/A Intel Core i5-3210M X2 2.5GHz 4GB 500GB (Scratch and Dent)","$124.97 ","Newegg","https://www.newegg.com/apple-macbook-pro-13-3-wide-xga-non-touch-screen-intel-hd-graphics-4000-4gb-memory-500gb-hdd-silver/p/N82E16834100478"
"2026-03-22","REFURBISHED Excellent Grade Macbook Pro 13.3-inch (Retina, Silver, Touch Bar) 2.4Ghz Quad Core i5 (2019) MV972LL/A 512GB SSD 16GB Memory 2560x1600 Display Mac OS Big Sur Power Adapter Included","$354.97 ","Newegg","https://www.newegg.com/apple-macbook-pro-13-3-retina-display-non-touch-screen-2-40ghz-intel-iris-plus-graphics-655-16gb-memory-512-gb-ssd-512gb-hdd-silver/p/2SN-0001-01AK0"
"2026-03-22","REFURBISHED Apple Grade A Laptop MacBook Pro (2020) 8GB Memory 256 GB SSD 8-core GPU 13.3"" MYDA2LL/A_SLB","$639.00 ","Newegg","https://www.newegg.com/apple-macbook-pro-13-3-retina-display-8-core-gpu-8gb-memory-256-gb-ssd-silver/p/2SN-0001-036N8"
"2026-03-22","REFURBISHED Apple - MacBook Pro - Grade A - 6th gen Intel Core i5 - 2.0GHz, 256GB SSD, 8GB RAM, Intel Iris Graphics 540 - 13"" Retina display - MLL42LL/A - A1708 - MacOS Catalina v10.15 - Space Gray - Late-2016","$258.97 ","Newegg","https://www.newegg.com/apple-industries-macbook-pro-13-3-retina-display-non-touch-screen-intel-core-i5-6360u-intel-iris-graphics-540-8gb-memory-256-gb-pcie-ssd-space-gray/p/1TS-00BN-00014"
"2026-03-22","REFURBISHED Apple 2023 MacBook Pro 14"" M3 Pro 11C 4.06GHz GPU-14C 18GB RAM 512GB SSD, Space Black","$1,162.97 ","Newegg","https://www.newegg.com/apple-14-2-mini-led-non-touch-screen-integrated-graphics-black/p/2SN-0001-03A63"
"2026-03-22","REFURBISHED 2019 Apple MacBook Pro 16 Intel i9 32GB 1TB AMD 5300M TouchBar Space Grey","$689.99 ","Newegg","https://www.newegg.com/apple-macbook-pro-16-0-no-32gb-memory-1-tb-ssd-gray/p/2SN-0001-02WM9"
"2026-03-22","REFURBISHED Apple A Grade Macbook Pro 14-inch (Retina XDR, 16-GPU, Silver, 1yr Warranty) 3.2Ghz 10-Core M1 Pro (2021) MKGT3LL/A 2TB Flash 16GB Memory 3024x1964 Display Mac OS Power Adapter","$1,045.00 ","Newegg","https://www.newegg.com/apple-macbook-pro-14-2-retina-display-non-touch-screen-3-20ghz-16gb-memory-2-tb-ssd-silver/p/2SN-0001-032D4"
"2026-03-22","REFURBISHED Apple 2019 MacBook Pro 16"" Core i7 2.6GHz 16GB RAM 512GB SSD A2141 | Excellent Condition | Rose Gold","$504.99 ","Newegg","https://www.newegg.com/apple-macbook-pro-16-inch-2019-16-0-16gb-memory-512gb-ssd-space-gray/p/2SN-0001-03SU5"
"2026-03-22","REFURBISHED Apple MacBook Pro 13-inch (2019) - Core i5, 8GB RAM, 256GB SSD - Space Gray","$378.00 ","Newegg","https://www.newegg.com/apple-13-3-intel-core-i5-8279u-intel-iris-plus-graphics-655-8gb-memory-256gb-ssd/p/2SN-0001-03SE1"
"2026-03-22","REFURBISHED Apple Laptop (Late 2021) MacBook Pro Apple M1 Pro 16GB Memory 512 GB SSD 14.0"" macOS 12 Monterey MKGP3LL/A","$824.99 ","Newegg","https://www.newegg.com/apple-macbook-pro-14-0-16gb-memory-512-gb-ssd-space-gray/p/N82E16834096419"
"2026-03-22","REFURBISHED Apple A Grade Macbook Pro 16-inch (Retina XDR, 16-GPU, Silver, 1yr Warranty) 3.2Ghz 10-Core M1 Pro (2021) MK1E3LL/A 512GB Flash 16GB Memory 3456x2234 Display Mac OS Power Adapter","$907.00 ","Newegg","https://www.newegg.com/apple-macbook-pro-16-0-retina-display-non-touch-screen-3-20ghz-16gb-memory-512-gb-ssd-silver/p/2SN-0001-031A7"
"2026-03-22","REFURBISHED Apple 2023 MacBook Pro Laptop M3 chip with 8core CPU, 10core GPU: 14.2-inch Liquid Retina XDR Display, 8GB Unified Memory, 1TB SSD Storage. Works with iPhone/iPad; Space Gray","$1,629.95 ","Newegg","https://www.newegg.com/apple-14-2-8gb-memory-1tb-ssd-space-gray/p/2SN-0001-03AJ8"
"2026-03-22","REFURBISHED Apple MacBook Pro with Apple M1 Pro chip Late 2021 (14 inch, 16GB RAM, 512GB SSD) Silver (Renewed) 8-core CPU 14-core GPU Silver MKGR3LL/A Excellent Condition","$809.00 ","Newegg","https://www.newegg.com/apple-macbook-pro-14-0/p/2SN-0001-03AD3"
"2026-03-22","REFURBISHED Apple 2023 MacBook Pro Laptop M2 Pro chip with 10core CPU and 16core GPU: 14.2-inch Liquid Retina XDR Display, 16GB Unified Memory, 512GB SSD Storage. Works with iPhone/iPad; Silver","$1,414.95 ","Newegg","https://www.newegg.com/apple-14-0-32gb-memory-512gb-ssd-silver/p/2SN-0001-035B6"
"2026-03-22","REFURBISHED Apple MacBook Pro with Touch Bar (2020) 13.3"" Intel Core i5-1038NG7 16GB Memory 512GB SSD MWP72LL/A","$499.00 ","Newegg","https://www.newegg.com/apple-macbook-pro-with-touch-bar-13-3-wqxga-non-touch-screen-intel-core-i5-1038ng7-intel-iris-plus-graphics-16gb-memory-512-gb-ssd-silver/p/N82E16834096364"
"2026-03-22","REFURBISHED Apple MacBook Pro 14-inch (2023) - M3 - Apple M3 Pro chip: 11-core CPU/14-Core GPU - 512GB - Space Black - 18GB RAM - 3 Thunderbolts 4 ports - Excellent (Grade A)","$1,162.97 ","Newegg","https://www.newegg.com/apple-14-space-black/p/2SN-0001-03DT5"
"2026-03-22","REFURBISHED 2020 Apple MacBook Pro with 2.3GHz Intel Core i7 (13"", 32GB, 512GB) Silver","$549.99 ","Newegg","https://www.newegg.com/apple-mwp72ll-a-rr-13-3-non-touch-screen-32gb-memory-512-gb-ssd-silver/p/2SN-0001-037A6"
"2026-03-22","REFURBISHED Apple MacBook Pro (13"", 2022, M2 Pro Chip, 8GB RAM, 512GB SSD) Space Gray","$1,334.95 ","Newegg","https://www.newegg.com/apple-13-0-space-gray/p/2SN-0001-03781"
"2026-03-22","REFURBISHED Apple MacBook Pro (Mid-2012) 13.3"" Intel Core i5-3210M 4GB Memory MD101LL/A","$124.97 ","Newegg","https://www.newegg.com/apple-macbook-pro-13-3-non-touch-screen-intel-core-i5-3210m-intel-hd-graphics-4000-4gb-memory-500gb-hdd-silver/p/N82E16834096027"
"2026-03-22","REFURBISHED Apple 2019 MacBook Pro 16"" IPS Retina Intel Core i7-9750H 2.6GHz 16GB RAM 512GB SSD Radeon Pro 5300M","$426.04 ","Newegg","https://www.newegg.com/apple-16-0-ips-no-16gb-memory-silver/p/2SN-0001-03S79"
